{"metadata":{"asset_id":"2429c90b-0d9b-4620-8838-08dd142e0bf3","asset_attributes":["data_asset"],"name":"fulfilment_center_info.csv","asset_type":"data_asset","created_at":"2021-11-26T00:52:23Z","description":"","origin_country":"us","owner_id":"IBMid-661002X87S","project_id":"1666792b-4158-4215-98d6-8fc8041b2642","size":1661,"tags":[],"usage":{"last_update_time":1637887944997,"last_updated_at":"2021-11-26T00:52:24Z"}},"entity":{"data_asset":{"mime_type":"text/csv","dataset":false}},"attachments":[{"id":"f4272896-247b-4d44-9c00-7d85c5ae590b","version":2,"asset_type":"data_asset","name":"fulfilment_center_info.csv","mime":"text/csv","datasource_type":"193a97c1-4475-4a19-b90c-295c4fdc6517","object_key":"fulfilment_center_info.csv","creator_id":"IBMid-661002X87S","create_time":1637887944997,"size":1661,"is_remote":false,"is_managed":false,"is_referenced":true,"is_object_key_read_only":true,"is_user_provided_path_key":true,"transfer_complete":true,"is_partitioned":false,"complete_time_ticks":1637887944997,"user_data":{},"test_doc":0,"handle":{"bucket":"fooddemandforecasting-donotdelete-pr-dmmefp3lruuvtv","location":"eu-geo","key":"fulfilment_center_info.csv","upload_id":"done","max_part_num":1},"usage":{"access_count":0,"last_accessor_id":"IBMid-661002X87S","last_access_time":1637887944997}}]}
