{"metadata":{"asset_id":"c7cd72c6-e4a1-4975-b825-48067af49dfb","asset_attributes":["data_asset"],"name":"test.csv","asset_type":"data_asset","created_at":"2021-11-25T15:35:37Z","description":"","origin_country":"us","owner_id":"IBMid-661002X87S","project_id":"1666792b-4158-4215-98d6-8fc8041b2642","size":1266196,"tags":[],"usage":{"last_update_time":1637854538342,"last_updated_at":"2021-11-25T15:35:38Z"}},"entity":{"data_asset":{"mime_type":"text/csv","dataset":false}},"attachments":[{"id":"097084f1-38a3-467f-beac-5b81115d2635","version":2,"asset_type":"data_asset","name":"test.csv","mime":"text/csv","datasource_type":"193a97c1-4475-4a19-b90c-295c4fdc6517","object_key":"test.csv","creator_id":"IBMid-661002X87S","create_time":1637854538341,"size":1266196,"is_remote":false,"is_managed":false,"is_referenced":true,"is_object_key_read_only":true,"is_user_provided_path_key":true,"transfer_complete":true,"is_partitioned":false,"complete_time_ticks":1637854538341,"user_data":{},"test_doc":0,"handle":{"bucket":"fooddemandforecasting-donotdelete-pr-dmmefp3lruuvtv","location":"eu-geo","key":"test.csv","upload_id":"done","max_part_num":1},"usage":{"access_count":0,"last_accessor_id":"IBMid-661002X87S","last_access_time":1637854538341}}]}
