{"metadata":{"asset_id":"5f4212b9-9e98-4789-b509-f1339e84dd98","asset_attributes":["data_asset"],"name":"train.csv","asset_type":"data_asset","created_at":"2021-11-25T15:32:18Z","description":"","origin_country":"us","owner_id":"IBMid-661002X87S","project_id":"1666792b-4158-4215-98d6-8fc8041b2642","size":18733819,"tags":[],"usage":{"last_update_time":1637854340729,"last_updated_at":"2021-11-25T15:32:20Z"}},"entity":{"data_asset":{"mime_type":"text/csv","dataset":false}},"attachments":[{"id":"169bde6d-2607-4eb8-a975-7966a019b955","version":2,"asset_type":"data_asset","name":"train.csv","mime":"text/csv","datasource_type":"193a97c1-4475-4a19-b90c-295c4fdc6517","object_key":"train.csv","creator_id":"IBMid-661002X87S","create_time":1637854340729,"size":18733819,"is_remote":false,"is_managed":false,"is_referenced":true,"is_object_key_read_only":true,"is_user_provided_path_key":true,"transfer_complete":true,"is_partitioned":false,"complete_time_ticks":1637854340729,"user_data":{},"test_doc":0,"handle":{"bucket":"fooddemandforecasting-donotdelete-pr-dmmefp3lruuvtv","location":"eu-geo","key":"train.csv","upload_id":"done","max_part_num":1},"usage":{"access_count":0,"last_accessor_id":"IBMid-661002X87S","last_access_time":1637854340729}}]}
