{"metadata":{"asset_id":"4d25acad-635b-420a-8bed-ac5f8a76c6d0","asset_attributes":["data_asset"],"name":"meal_info.csv","asset_type":"data_asset","created_at":"2021-11-26T00:52:51Z","description":"","origin_country":"us","owner_id":"IBMid-661002X87S","project_id":"1666792b-4158-4215-98d6-8fc8041b2642","size":1096,"tags":[],"usage":{"last_update_time":1637887973947,"last_updated_at":"2021-11-26T00:52:53Z"}},"entity":{"data_asset":{"mime_type":"text/csv","dataset":false}},"attachments":[{"id":"df79a39a-300f-4ccd-bf72-8bd73aa34d28","version":2,"asset_type":"data_asset","name":"meal_info.csv","mime":"text/csv","datasource_type":"193a97c1-4475-4a19-b90c-295c4fdc6517","object_key":"meal_info.csv","creator_id":"IBMid-661002X87S","create_time":1637887973946,"size":1096,"is_remote":false,"is_managed":false,"is_referenced":true,"is_object_key_read_only":true,"is_user_provided_path_key":true,"transfer_complete":true,"is_partitioned":false,"complete_time_ticks":1637887973946,"user_data":{},"test_doc":0,"handle":{"bucket":"fooddemandforecasting-donotdelete-pr-dmmefp3lruuvtv","location":"eu-geo","key":"meal_info.csv","upload_id":"done","max_part_num":1},"usage":{"access_count":0,"last_accessor_id":"IBMid-661002X87S","last_access_time":1637887973946}}]}
