{"metadata":{"asset_id":"be378162-04c5-42a1-87b7-838345c022e0","asset_attributes":["notebook"],"name":"food_demand1","asset_type":"notebook","created_at":"2021-11-26T13:27:39Z","description":"","origin_country":"us","owner_id":"IBMid-661002X87S","project_id":"1666792b-4158-4215-98d6-8fc8041b2642","size":182353,"tags":["notebook"],"usage":{"last_update_time":1638550413307,"last_updated_at":"2021-12-03T16:53:33Z"}},"entity":{"notebook":{"kernel":{"name":"python3","display_name":"Python 3.8","language":"python"},"originates_from":{"type":"blank"},"runtime":{"environment":"conda2py38-1666792b-4158-4215-98d6-8fc8041b2642"}}},"attachments":[{"id":"01c601d4-a94c-4d6c-8ae0-c0bdd1f05ef3","version":2,"asset_type":"notebook","name":"attachment for notebook be378162-04c5-42a1-87b7-838345c022e0","description":"attachment for notebook be378162-04c5-42a1-87b7-838345c022e0","mime":"application/json","datasource_type":"193a97c1-4475-4a19-b90c-295c4fdc6517","object_key":"notebook/food_demand1_USVLL-iC0.ipynb","creator_id":"IBMid-661002X87S","create_time":1637933259917,"size":182353,"is_remote":false,"is_managed":false,"is_referenced":true,"is_object_key_read_only":false,"is_user_provided_path_key":true,"transfer_complete":true,"is_partitioned":false,"complete_time_ticks":1637933259917,"user_data":{},"test_doc":0,"handle":{"bucket":"fooddemandforecasting-donotdelete-pr-dmmefp3lruuvtv","location":"eu-geo","key":"notebook/food_demand1_USVLL-iC0.ipynb","upload_id":"done","max_part_num":1},"usage":{"access_count":123,"last_accessor_id":"IBMid-661002X87S","last_access_time":1638550168214,"last_updater_id":"IBMid-661002X87S","last_update_time":1638550168214}}]}
