{"metadata":{"asset_id":"264db201-4016-41eb-bc1f-13519c0fc248","asset_attributes":["notebook"],"name":"food_demand_autoai - experiment notebook","asset_type":"notebook","created_at":"2021-11-30T04:45:01Z","description":"","origin_country":"us","owner_id":"IBMid-661002X87S","project_id":"1666792b-4158-4215-98d6-8fc8041b2642","size":23423,"tags":[],"usage":{"last_update_time":1638247504935,"last_updated_at":"2021-11-30T04:45:04Z"}},"entity":{"notebook":{"kernel":{"display_name":"Python 3.8","name":"python3","language":"python"},"originates_from":{"type":"blank"},"runtime":{"environment":"conda4py38-1666792b-4158-4215-98d6-8fc8041b2642"}}},"attachments":[{"id":"7a840d0b-5633-4960-a040-4256e0b26057","version":2,"asset_type":"notebook","name":"food_demand_autoai - experiment notebook","description":"food_demand_autoai - experiment notebook attachment for notebook asset 264db201-4016-41eb-bc1f-13519c0fc248","mime":"application/json","datasource_type":"193a97c1-4475-4a19-b90c-295c4fdc6517","object_key":"notebook/notebook_264db201-4016-41eb-bc1f-13519c0fc248.ipynb","creator_id":"IBMid-661002X87S","create_time":1638247504935,"size":23423,"is_remote":false,"is_managed":false,"is_referenced":true,"is_object_key_read_only":false,"is_user_provided_path_key":true,"transfer_complete":true,"is_partitioned":false,"complete_time_ticks":1638247504935,"user_data":{},"test_doc":0,"handle":{"bucket":"fooddemandforecasting-donotdelete-pr-dmmefp3lruuvtv","location":"eu-geo","key":"notebook/notebook_264db201-4016-41eb-bc1f-13519c0fc248.ipynb","upload_id":"done","max_part_num":1},"usage":{"access_count":0,"last_accessor_id":"IBMid-661002X87S","last_access_time":1638247504935}}]}
