{"metadata":{"asset_id":"4a9de9f5-0176-4c83-9ff5-6cd888a872a8","asset_attributes":["wml_pipeline"],"name":"food_demand_autoai","asset_type":"wml_pipeline","created_at":"2021-11-30T04:38:14Z","description":"","origin_country":"us","owner_id":"IBMid-661002X87S","project_id":"1666792b-4158-4215-98d6-8fc8041b2642","sandbox_id":"1666792b-4158-4215-98d6-8fc8041b2642","size":0,"tags":["dsx-project.1666792b-4158-4215-98d6-8fc8041b2642"],"usage":{"last_update_time":1638247094076,"last_updated_at":"2021-11-30T04:38:14Z"}},"entity":{"wml_pipeline":{"document":{"doc_type":"pipeline","pipelines":[{"id":"autoai","nodes":[{"id":"automl","op":"kube","parameters":{"output_logs":true,"input_file_separator":",","stage_flag":true,"optimization":{"compute_pipeline_notebooks_flag":true,"cv_num_folds":3,"daub_adaptive_subsampling_max_mem_usage":15000000000,"holdout_param":0.1,"label":"num_orders","learning_type":"regression","max_num_daub_ensembles":2,"run_cognito_flag":true,"scorer_for_ranking":"neg_root_mean_squared_error"},"n_parallel_data_connections":4,"one_vs_all_file":true},"runtime_ref":"autoai","type":"execution_node"}],"runtime_ref":"hybrid"}],"primary_pipeline":"autoai","runtimes":[{"app_data":{"wml_data":{"hardware_spec":{"base_id":"a6c4923b-b8e4-444c-9f43-8a7ec3020110","name":"L"}}},"id":"autoai","name":"auto_ai.kb"}],"version":"2.0"},"ml_version":"4.0.0"}}}
