{"metadata":{"asset_id":"e3c9e53e-6261-49f5-9cb1-8a61084d105f","asset_attributes":["wml_model"],"name":"food_demand_autoai - P5 XGB Regressor","asset_type":"wml_model","created_at":"2021-11-30T05:37:26Z","description":"","origin_country":"us","owner_id":"IBMid-661002X87S","project_id":"1666792b-4158-4215-98d6-8fc8041b2642","sandbox_id":"1666792b-4158-4215-98d6-8fc8041b2642","size":32804,"tags":[],"usage":{"last_update_time":1638250653344,"last_updated_at":"2021-11-30T05:37:33Z"}},"entity":{"wml_model":{"data_asset_dependencies":["5f4212b9-9e98-4789-b509-f1339e84dd98"],"hybrid_pipeline_software_specs":[{"base_id":"da9b39c3-758c-5a4f-9cfd-457dd4d8c395","name":"autoai-kb_3.4-py3.8"}],"label_column":"num_orders","pipeline":{"id":"4a9de9f5-0176-4c83-9ff5-6cd888a872a8"},"metrics":[{"context":{"classes":[],"features_importance":[{"computation_type":"","features":{"base_price":0.27,"meal_id":0.2,"emailer_for_promotion":0.63,"homepage_featured":1,"week":0,"center_id":0.05,"checkout_price":0.26},"stage":"Mean"}],"intermediate_model":{"composition_steps":["Split_TrainingHoldout","TrainingDataset_full_410893_7","Column Selection","TrainingDataset_full_410893_7","Preprocessor_default","DAUB"],"duration":1428,"location":{"model":"auto_ml/5b89275d-cc20-42df-bf81-72983dc24e67/wml_data/1ed096c3-6106-4f7c-90ac-e2472fdcc4b1/data/automl/pre_hpo_d_output/Pipeline5/model.pickle","pipeline":"auto_ml/5b89275d-cc20-42df-bf81-72983dc24e67/wml_data/1ed096c3-6106-4f7c-90ac-e2472fdcc4b1/data/automl/pre_hpo_d_output/Pipeline5/pipeline.json","pipeline_model":"auto_ml/5b89275d-cc20-42df-bf81-72983dc24e67/wml_data/1ed096c3-6106-4f7c-90ac-e2472fdcc4b1/data/automl/pre_hpo_d_output/Pipeline5/pipeline-model.json"},"name":"P5","notebook_location":"auto_ml/5b89275d-cc20-42df-bf81-72983dc24e67/wml_data/1ed096c3-6106-4f7c-90ac-e2472fdcc4b1/data/automl/pre_hpo_d_output/Pipeline5/notebook.ipynb","pipeline_nodes":["ColumnSelector","PreprocessingTransformer","XGBRegressor"],"process":"pre_hpo_d_output","schema_location":"auto_ml/5b89275d-cc20-42df-bf81-72983dc24e67/wml_data/1ed096c3-6106-4f7c-90ac-e2472fdcc4b1/data/automl/pre_hpo_d_output/Pipeline5/schema.json"},"phase":"pre_hpo_d_output","target_column":"num_orders"},"ml_metrics":{"holdout_explained_variance":0.6705467700958252,"holdout_neg_median_absolute_error":-89.46212768554688,"holdout_neg_mean_squared_error":-87874.140625,"training_explained_variance":0.4619508385658264,"training_r2":0.46190665509382556,"training_neg_median_absolute_error":-84.23890686035156,"training_neg_mean_squared_error":-80604.11328125,"training_neg_root_mean_squared_error":-283.7800084305968,"holdout_r2":0.6697051685676145,"training_neg_mean_absolute_error":-155.8356475830078,"holdout_neg_root_mean_squared_error":-296.43572764597724,"holdout_neg_mean_absolute_error":-160.76605224609375},"timestamp":"2021-11-30T04:41:48.000Z"}],"ml_version":"4.0.12","type":"wml-hybrid_0.1","schemas":{"input":[{"fields":[{"name":"id","type":"integer"},{"name":"week","type":"integer"},{"name":"center_id","type":"integer"},{"name":"meal_id","type":"integer"},{"name":"checkout_price","type":"double"},{"name":"base_price","type":"double"},{"name":"emailer_for_promotion","type":"integer"},{"name":"homepage_featured","type":"integer"}],"id":"auto_ai_kb_input_schema"}],"output":[]},"content_location":{"connection":{},"contents":[{"content_format":"pipeline-node","file_name":"P5_automl.zip","location":"auto_ml/5b89275d-cc20-42df-bf81-72983dc24e67/wml_data/1ed096c3-6106-4f7c-90ac-e2472fdcc4b1/assets/1ed096c3-6106-4f7c-90ac-e2472fdcc4b1_P5_pre_hpo_d_output/resources/wml_model/P5_automl.zip","pipeline_node_id":"automl"},{"content_format":"native","file_name":"pipeline_model.json","location":"auto_ml/5b89275d-cc20-42df-bf81-72983dc24e67/wml_data/1ed096c3-6106-4f7c-90ac-e2472fdcc4b1/assets/1ed096c3-6106-4f7c-90ac-e2472fdcc4b1_P5_pre_hpo_d_output/resources/wml_model/pipeline_model.json"}],"location":{"path":"auto_ml/5b89275d-cc20-42df-bf81-72983dc24e67/wml_data","notebooks_path":"auto_ml/5b89275d-cc20-42df-bf81-72983dc24e67/wml_data/1ed096c3-6106-4f7c-90ac-e2472fdcc4b1/notebooks","training":"auto_ml/5b89275d-cc20-42df-bf81-72983dc24e67/wml_data/1ed096c3-6106-4f7c-90ac-e2472fdcc4b1","training_status":"auto_ml/5b89275d-cc20-42df-bf81-72983dc24e67/wml_data/1ed096c3-6106-4f7c-90ac-e2472fdcc4b1/training-status.json","assets_path":"auto_ml/5b89275d-cc20-42df-bf81-72983dc24e67/wml_data/1ed096c3-6106-4f7c-90ac-e2472fdcc4b1/assets"},"type":"container"},"training_data_references":[{"connection":{},"id":"train.csv","location":{"href":"/v2/assets/5f4212b9-9e98-4789-b509-f1339e84dd98?project_id=1666792b-4158-4215-98d6-8fc8041b2642","id":"5f4212b9-9e98-4789-b509-f1339e84dd98","userfs":"false"},"schema":{"fields":[{"name":"id","type":"integer"},{"name":"week","type":"integer"},{"name":"center_id","type":"integer"},{"name":"meal_id","type":"integer"},{"name":"checkout_price","type":"double"},{"name":"base_price","type":"double"},{"name":"emailer_for_promotion","type":"integer"},{"name":"homepage_featured","type":"integer"},{"name":"num_orders","type":"integer"}],"id":"auto_ai_kb_input_schema"},"type":"data_asset"}],"software_spec":{"base_id":"8c1a58c6-62b5-4dc4-987a-df751c2756b6","name":"hybrid_0.1"},"content_import_state":"completed"}},"attachments":[{"id":"d0f2cae9-036d-49cd-8392-bc0f0ba164f3","version":2,"asset_type":"wml_model","name":"P5_automl.zip","datasource_type":"193a97c1-4475-4a19-b90c-295c4fdc6517","creator_id":"IBMid-661002X87S","create_time":1638250647953,"size":31202,"is_remote":false,"is_managed":true,"is_referenced":false,"is_object_key_read_only":false,"is_user_provided_path_key":false,"transfer_complete":true,"is_partitioned":false,"complete_time_ticks":1638250650766,"user_data":{"content_format":"pipeline-node","pipeline_node_id":"automl"},"test_doc":0,"handle":{"bucket":"fooddemandforecasting-donotdelete-pr-dmmefp3lruuvtv","location":"eu-geo","type":"bluemix_cos","key":"aa66367b-fe4e-4947-b1e1-96e2fbaeb642/e3c9e53e-6261-49f5-9cb1-8a61084d105f/d0f2cae9-036d-49cd-8392-bc0f0ba164f3","upload_id":"done","max_part_num":1},"usage":{"access_count":0,"last_accessor_id":"IBMid-661002X87S","last_access_time":1638250647953}},{"id":"f2b16ada-b0d2-40ef-9103-ea2d8e6c1348","version":2,"asset_type":"wml_model","name":"pipeline_model.json","datasource_type":"193a97c1-4475-4a19-b90c-295c4fdc6517","creator_id":"IBMid-661002X87S","create_time":1638250651637,"size":1602,"is_remote":false,"is_managed":true,"is_referenced":false,"is_object_key_read_only":false,"is_user_provided_path_key":false,"transfer_complete":true,"is_partitioned":false,"complete_time_ticks":1638250653162,"user_data":{"content_format":"native"},"test_doc":0,"handle":{"bucket":"fooddemandforecasting-donotdelete-pr-dmmefp3lruuvtv","location":"eu-geo","type":"bluemix_cos","key":"aa66367b-fe4e-4947-b1e1-96e2fbaeb642/e3c9e53e-6261-49f5-9cb1-8a61084d105f/f2b16ada-b0d2-40ef-9103-ea2d8e6c1348","upload_id":"done","max_part_num":1},"usage":{"access_count":0,"last_accessor_id":"IBMid-661002X87S","last_access_time":1638250651637}}]}
